time,St
0,1
1.5,0.97761
2.5,0.96
7.5,0.94
8,0.92
9,0.9
9.5,0.87612
14,0.82
23,0.69403
